Strike,Moneyness,Bid,Midpoint,Ask,Last,Change,%Chg,Volume,"Open Int",Vol/OI,IV,Type,Time
"1,000.00",+75.94%,"3,147.10","3,150.85","3,154.60","2,736.40","2,736.40",unch,1,1,1.00,145.78%,Call,03/05/21
"1,100.00",+73.53%,"3,047.20","3,050.95","3,054.70",0.00,0.00,unch,0,0,0.00,136.64%,Call,N/A
"1,200.00",+71.13%,"2,947.40","2,951.15","2,954.90",0.00,0.00,unch,0,0,0.00,128.62%,Call,N/A
"1,300.00",+68.72%,"2,847.50","2,851.25","2,855.00",0.00,0.00,unch,0,0,0.00,120.98%,Call,N/A
"1,400.00",+66.31%,"2,747.80","2,751.55","2,755.30",0.00,0.00,unch,0,0,0.00,114.42%,Call,N/A
"1,500.00",+63.91%,"2,646.70","2,650.45","2,654.20",0.00,0.00,unch,0,0,0.00,104.74%,Call,N/A
"1,600.00",+61.50%,"2,546.90","2,550.65","2,554.40",0.00,0.00,unch,0,0,0.00,99.02%,Call,N/A
"1,700.00",+59.09%,"2,448.40","2,452.15","2,455.90",0.00,0.00,unch,0,0,0.00,96.45%,Call,N/A
"1,800.00",+56.69%,"2,348.60","2,352.35","2,356.10",0.00,0.00,unch,0,0,0.00,91.12%,Call,N/A
"1,900.00",+54.28%,"2,248.90","2,252.65","2,256.40",0.00,0.00,unch,0,0,0.00,86.22%,Call,N/A
"2,000.00",+51.88%,"2,149.20","2,152.95","2,156.70",0.00,0.00,unch,0,0,0.00,81.54%,Call,N/A
"2,100.00",+49.47%,"2,049.40","2,053.15","2,056.90",0.00,0.00,unch,0,0,0.00,76.89%,Call,N/A
"2,200.00",+47.06%,"1,949.90","1,953.65","1,957.40",0.00,0.00,unch,0,0,0.00,72.85%,Call,N/A
"2,250.00",+45.86%,"1,900.20","1,903.95","1,907.70",0.00,0.00,unch,0,0,0.00,70.94%,Call,N/A
"2,300.00",+44.66%,"1,850.30","1,854.05","1,857.80",0.00,0.00,unch,0,0,0.00,68.79%,Call,N/A
"2,350.00",+43.45%,"1,799.50","1,803.25","1,807.00",0.00,0.00,unch,0,0,0.00,65.54%,Call,N/A
"2,400.00",+42.25%,"1,749.80","1,753.55","1,757.30",0.00,0.00,unch,0,1,0.00,63.75%,Call,N/A
"2,450.00",+41.05%,"1,701.80","1,705.55","1,709.30",0.00,0.00,unch,0,0,0.00,63.88%,Call,N/A
"2,500.00",+39.84%,"1,651.70","1,655.45","1,659.20",0.00,0.00,unch,0,0,0.00,61.63%,Call,N/A
"2,550.00",+38.64%,"1,602.60","1,606.35","1,610.10",0.00,0.00,unch,0,0,0.00,60.40%,Call,N/A
"2,600.00",+37.44%,"1,552.70","1,556.45","1,560.20",0.00,0.00,unch,0,0,0.00,58.39%,Call,N/A
"2,650.00",+36.23%,"1,502.90","1,506.65","1,510.40",0.00,0.00,unch,0,0,0.00,56.51%,Call,N/A
"2,700.00",+35.03%,"1,452.20","1,455.95","1,459.70",0.00,0.00,unch,0,110,0.00,53.85%,Call,N/A
"2,750.00",+33.83%,"1,403.90","1,407.65","1,411.40",0.00,0.00,unch,0,0,0.00,53.28%,Call,N/A
"2,800.00",+32.63%,"1,354.50","1,358.25","1,362.00",0.00,0.00,unch,0,0,0.00,51.74%,Call,N/A
"2,825.00",+32.02%,"1,329.80","1,333.55","1,337.30",0.00,0.00,unch,0,0,0.00,50.97%,Call,N/A
"2,850.00",+31.42%,"1,305.10","1,308.85","1,312.60",0.00,0.00,unch,0,0,0.00,50.19%,Call,N/A
"2,875.00",+30.82%,"1,279.40","1,283.05","1,286.70",0.00,0.00,unch,0,0,0.00,48.63%,Call,N/A
"2,900.00",+30.22%,"1,255.80","1,259.55","1,263.30","1,085.20","1,085.20",unch,1,1,1.00,48.70%,Call,03/31/21
"2,925.00",+29.62%,"1,231.10","1,234.80","1,238.50",0.00,0.00,unch,0,0,0.00,47.88%,Call,N/A
"2,950.00",+29.02%,"1,206.50","1,210.20","1,213.90",0.00,0.00,unch,0,0,0.00,47.16%,Call,N/A
"2,975.00",+28.41%,"1,183.70","1,186.00","1,188.30",0.00,0.00,unch,0,0,0.00,46.68%,Call,N/A
"3,000.00",+27.81%,"1,159.10","1,161.40","1,163.70",0.00,0.00,unch,0,0,0.00,45.94%,Call,N/A
"3,025.00",+27.21%,"1,134.60","1,136.85","1,139.10",0.00,0.00,unch,0,0,0.00,45.23%,Call,N/A
"3,050.00",+26.61%,"1,110.10","1,112.35","1,114.60","1,040.64","1,040.64",unch,2,2,1.00,44.53%,Call,05/12/21
"3,075.00",+26.01%,"1,085.60","1,087.95","1,090.30",0.00,0.00,unch,0,0,0.00,43.88%,Call,N/A
"3,100.00",+25.41%,"1,061.10","1,063.45","1,065.80","1,046.26","1,046.26",unch,1,1,1.00,43.17%,Call,05/18/21
"3,125.00",+24.80%,"1,036.70","1,038.95","1,041.20",0.00,0.00,unch,0,0,0.00,42.46%,Call,N/A
"3,140.00",+24.44%,"1,022.10","1,024.35","1,026.60",0.00,0.00,unch,0,0,0.00,42.07%,Call,N/A
"3,150.00",+24.20%,"1,012.30","1,014.65","1,017.00",0.00,0.00,unch,0,0,0.00,41.83%,Call,N/A
"3,160.00",+23.96%,"1,002.60","1,004.90","1,007.20",0.00,0.00,unch,0,0,0.00,41.56%,Call,N/A
"3,170.00",+23.72%,992.80,995.15,997.50,0.00,0.00,unch,0,0,0.00,41.29%,Call,N/A
"3,175.00",+23.60%,988.00,990.30,992.60,0.00,0.00,unch,0,0,0.00,41.17%,Call,N/A
"3,180.00",+23.48%,983.10,985.35,987.60,0.00,0.00,unch,0,0,0.00,41.00%,Call,N/A
"3,190.00",+23.24%,973.40,975.70,978.00,0.00,0.00,unch,0,0,0.00,40.77%,Call,N/A
"3,200.00",+23.00%,963.60,965.90,968.20,769.33,769.33,unch,2,1,2.00,40.47%,Call,02/09/21
"3,210.00",+22.76%,953.90,956.20,958.50,0.00,0.00,unch,0,0,0.00,40.22%,Call,N/A
"3,220.00",+22.52%,944.20,946.45,948.70,0.00,0.00,unch,0,0,0.00,39.94%,Call,N/A
"3,225.00",+22.40%,939.40,941.65,943.90,0.00,0.00,unch,0,0,0.00,39.84%,Call,N/A
"3,230.00",+22.28%,934.50,936.75,939.00,0.00,0.00,unch,0,0,0.00,39.69%,Call,N/A
"3,240.00",+22.04%,924.80,927.05,929.30,0.00,0.00,unch,0,565,0.00,39.43%,Call,N/A
"3,250.00",+21.80%,915.10,917.40,919.70,0.00,0.00,unch,0,0,0.00,39.19%,Call,N/A
"3,260.00",+21.56%,905.40,907.70,910.00,0.00,0.00,unch,0,0,0.00,38.92%,Call,N/A
"3,270.00",+21.32%,895.80,898.05,900.30,0.00,0.00,unch,0,0,0.00,38.68%,Call,N/A
"3,275.00",+21.20%,890.90,893.20,895.50,0.00,0.00,unch,0,0,0.00,38.54%,Call,N/A
"3,280.00",+21.08%,886.10,888.35,890.60,0.00,0.00,unch,0,0,0.00,38.41%,Call,N/A
"3,290.00",+20.83%,876.40,878.65,880.90,0.00,0.00,unch,0,0,0.00,38.14%,Call,N/A
"3,300.00",+20.59%,866.80,869.05,871.30,675.22,43.04,+6.81%,1,1,1.00,37.91%,Call,02/08/21
"3,310.00",+20.35%,857.10,859.35,861.60,0.00,0.00,unch,0,0,0.00,37.63%,Call,N/A
"3,320.00",+20.11%,847.50,849.75,852.00,0.00,0.00,unch,0,0,0.00,37.40%,Call,N/A
"3,325.00",+19.99%,842.70,844.95,847.20,0.00,0.00,unch,0,0,0.00,37.28%,Call,N/A
"3,330.00",+19.87%,837.90,840.10,842.30,0.00,0.00,unch,0,0,0.00,37.14%,Call,N/A
"3,340.00",+19.63%,828.30,830.50,832.70,0.00,0.00,unch,0,0,0.00,36.90%,Call,N/A
"3,350.00",+19.39%,818.70,820.90,823.10,632.92,42.49,+7.20%,1,16,0.06,36.65%,Call,02/08/21
"3,360.00",+19.15%,809.10,811.30,813.50,0.00,0.00,unch,0,300,0.00,36.40%,Call,N/A
"3,370.00",+18.91%,799.50,801.70,803.90,0.00,0.00,unch,0,0,0.00,36.15%,Call,N/A
"3,375.00",+18.79%,794.70,796.90,799.10,0.00,0.00,unch,0,0,0.00,36.03%,Call,N/A
"3,380.00",+18.67%,789.90,792.10,794.30,0.00,0.00,unch,0,0,0.00,35.90%,Call,N/A
"3,390.00",+18.43%,780.30,782.50,784.70,0.00,0.00,unch,0,0,0.00,35.65%,Call,N/A
"3,400.00",+18.19%,770.80,773.00,775.20,561.24,42.97,+8.29%,44,55,0.80,35.42%,Call,03/09/21
"3,410.00",+17.95%,761.20,763.40,765.60,0.00,0.00,unch,0,0,0.00,35.16%,Call,N/A
"3,420.00",+17.71%,751.70,753.50,755.30,544.36,42.54,+8.48%,44,55,0.80,34.80%,Call,03/09/21
"3,425.00",+17.59%,746.90,749.10,751.30,0.00,0.00,unch,0,0,0.00,34.80%,Call,N/A
"3,430.00",+17.47%,742.20,744.35,746.50,465.73,465.73,unch,2,1,2.00,34.68%,Call,03/04/21
"3,440.00",+17.23%,732.70,734.80,736.90,0.00,0.00,unch,0,0,0.00,34.43%,Call,N/A
"3,450.00",+16.98%,723.20,725.30,727.40,717.20,146.48,+25.67%,1,3,0.33,34.19%,Call,04/23/21
"3,460.00",+16.74%,713.70,715.80,717.90,762.38,47.68,+6.67%,25,58,0.43,33.95%,Call,04/29/21
"3,470.00",+16.50%,704.20,706.35,708.50,704.60,2.90,+0.41%,4,5,0.80,33.72%,Call,04/23/21
"3,475.00",+16.38%,699.50,701.60,703.70,748.23,47.43,+6.77%,25,29,0.86,33.59%,Call,04/29/21
"3,480.00",+16.26%,694.80,696.65,698.50,726.43,23.43,+3.33%,25,31,0.81,33.41%,Call,04/26/21
"3,490.00",+16.02%,685.30,687.40,689.50,717.08,26.08,+3.77%,25,28,0.89,33.23%,Call,04/26/21
"3,500.00",+15.78%,675.90,677.95,680.00,709.21,7.31,+1.04%,20,23,0.87,32.99%,Call,04/26/21
"3,510.00",+15.54%,666.50,668.55,670.60,700.00,8.40,+1.21%,20,22,0.91,32.76%,Call,04/26/21
"3,520.00",+15.30%,657.10,659.05,661.00,681.70,3.00,+0.44%,1,2,0.50,32.50%,Call,04/23/21
"3,525.00",+15.18%,652.40,654.35,656.30,408.26,408.26,unch,1,1,1.00,32.38%,Call,03/05/21
"3,530.00",+15.06%,647.70,649.70,651.70,0.00,0.00,unch,0,250,0.00,32.28%,Call,N/A
"3,540.00",+14.82%,639.80,640.40,641.00,444.81,444.81,unch,1,1,1.00,32.07%,Call,03/02/21
"3,550.00",+14.58%,630.50,631.05,631.60,0.00,0.00,unch,0,0,0.00,31.84%,Call,N/A
"3,560.00",+14.34%,621.10,621.70,622.30,0.00,0.00,unch,0,0,0.00,31.60%,Call,N/A
"3,565.00",+14.22%,616.50,617.05,617.60,0.00,0.00,unch,0,0,0.00,31.49%,Call,N/A
"3,570.00",+14.10%,611.80,612.35,612.90,0.00,0.00,unch,0,1,0.00,31.36%,Call,N/A
"3,575.00",+13.98%,607.10,607.70,608.30,587.12,587.12,unch,1,1,1.00,31.25%,Call,04/20/21
"3,580.00",+13.86%,602.50,603.05,603.60,582.62,582.62,unch,1,21,0.05,31.14%,Call,04/20/21
"3,585.00",+13.74%,597.80,598.40,599.00,0.00,0.00,unch,0,0,0.00,31.02%,Call,N/A
"3,590.00",+13.62%,593.20,593.75,594.30,437.72,437.72,unch,2,1,2.00,30.90%,Call,02/08/21
"3,595.00",+13.50%,588.50,589.10,589.70,0.00,0.00,unch,0,0,0.00,30.78%,Call,N/A
"3,600.00",+13.38%,583.90,584.50,585.10,456.10,84.28,+22.67%,2,3,0.67,30.68%,Call,04/01/21
"3,605.00",+13.26%,579.30,579.85,580.40,0.00,0.00,unch,0,0,0.00,30.56%,Call,N/A
"3,610.00",+13.13%,574.60,575.20,575.80,446.70,446.70,unch,2,2,1.00,30.44%,Call,04/01/21
"3,615.00",+13.01%,570.00,570.60,571.20,0.00,0.00,unch,0,0,0.00,30.33%,Call,N/A
"3,620.00",+12.89%,565.40,566.00,566.60,438.90,438.90,unch,1,1,1.00,30.22%,Call,04/01/21
"3,625.00",+12.77%,560.80,561.40,562.00,435.70,435.70,unch,2,2,1.00,30.10%,Call,04/01/21
"3,630.00",+12.65%,556.20,556.80,557.40,0.00,0.00,unch,0,0,0.00,29.99%,Call,N/A
"3,635.00",+12.53%,551.60,552.15,552.70,0.00,0.00,unch,0,0,0.00,29.86%,Call,N/A
"3,640.00",+12.41%,547.00,547.60,548.20,423.60,46.34,+12.28%,1,2,0.50,29.76%,Call,04/01/21
"3,645.00",+12.29%,542.40,543.00,543.60,0.00,0.00,unch,0,0,0.00,29.64%,Call,N/A
"3,650.00",+12.17%,537.80,538.40,539.00,0.00,0.00,unch,0,0,0.00,29.53%,Call,N/A
"3,655.00",+12.05%,533.20,533.80,534.40,545.10,545.10,unch,1,0,0.00,29.41%,Call,05/21/21
"3,660.00",+11.93%,528.60,529.20,529.80,0.00,0.00,unch,0,1,0.00,29.29%,Call,N/A
"3,665.00",+11.81%,524.00,524.60,525.20,0.00,0.00,unch,0,0,0.00,29.17%,Call,N/A
"3,670.00",+11.69%,519.50,520.10,520.70,0.00,0.00,unch,0,0,0.00,29.07%,Call,N/A
"3,675.00",+11.57%,514.90,515.50,516.10,386.81,87.87,+29.39%,2,1,2.00,28.94%,Call,03/17/21
"3,680.00",+11.45%,510.30,510.95,511.60,0.00,0.00,unch,0,0,0.00,28.83%,Call,N/A
"3,685.00",+11.33%,505.80,506.40,507.00,0.00,0.00,unch,0,0,0.00,28.72%,Call,N/A
"3,690.00",+11.21%,501.20,501.85,502.50,481.51,481.51,unch,1,1,1.00,28.60%,Call,05/13/21
"3,695.00",+11.09%,496.70,497.30,497.90,495.80,495.80,unch,1,1,1.00,28.48%,Call,05/06/21
"3,700.00",+10.97%,492.20,492.80,493.40,429.25,-122.18,-22.16%,5,8,0.63,28.38%,Call,05/19/21
"3,705.00",+10.85%,487.60,488.25,488.90,0.00,0.00,unch,0,0,0.00,28.26%,Call,N/A
"3,710.00",+10.73%,483.10,483.70,484.30,432.30,88.16,+25.62%,2,3,0.67,28.13%,Call,04/08/21
"3,715.00",+10.61%,478.60,479.20,479.80,0.00,0.00,unch,0,0,0.00,28.02%,Call,N/A
"3,720.00",+10.49%,474.10,474.70,475.30,347.59,347.59,unch,2,1,2.00,27.91%,Call,03/11/21
"3,725.00",+10.37%,469.60,470.20,470.80,0.00,0.00,unch,0,0,0.00,27.80%,Call,N/A
"3,730.00",+10.25%,465.10,465.70,466.30,488.60,66.10,+15.64%,1,2,0.50,27.68%,Call,04/28/21
"3,735.00",+10.13%,460.60,461.20,461.80,485.20,485.20,unch,1,1,1.00,27.56%,Call,04/28/21
"3,740.00",+10.01%,456.10,456.70,457.30,480.50,145.22,+43.31%,1,3,0.33,27.45%,Call,04/28/21
"3,745.00",+9.89%,451.60,452.25,452.90,481.20,481.20,unch,2,2,1.00,27.34%,Call,04/28/21
"3,750.00",+9.77%,447.10,447.75,448.40,402.59,-69.91,-14.80%,10,42,0.24,27.22%,Call,05/19/21
"3,755.00",+9.65%,442.70,443.30,443.90,467.40,467.40,unch,2,3,0.67,27.11%,Call,04/28/21
"3,760.00",+9.53%,438.20,438.85,439.50,448.12,51.62,+13.02%,15,27,0.56,26.99%,Call,04/15/21
"3,765.00",+9.41%,433.70,434.35,435.00,0.00,0.00,unch,0,0,0.00,26.87%,Call,N/A
"3,770.00",+9.28%,429.30,429.95,430.60,439.38,44.88,+11.38%,15,27,0.56,26.76%,Call,04/15/21
"3,775.00",+9.16%,424.80,425.45,426.10,436.82,223.19,+104.48%,12,12,1.00,26.63%,Call,04/15/21
"3,780.00",+9.04%,420.40,421.05,421.70,257.69,-42.50,-14.16%,1,3,0.33,26.52%,Call,03/08/21
"3,785.00",+8.92%,416.00,416.65,417.30,0.00,0.00,unch,0,0,0.00,26.41%,Call,N/A
"3,790.00",+8.80%,411.60,412.20,412.80,437.60,91.90,+26.58%,1,2,0.50,26.29%,Call,04/28/21
"3,795.00",+8.68%,407.10,407.75,408.40,407.97,407.97,unch,2,1,2.00,26.17%,Call,05/14/21
"3,800.00",+8.56%,402.70,403.35,404.00,424.62,22.85,+5.69%,5,29,0.17,26.05%,Call,05/21/21
"3,805.00",+8.44%,398.30,398.95,399.60,428.10,428.10,unch,1,1,1.00,25.93%,Call,04/28/21
"3,810.00",+8.32%,394.00,394.60,395.20,398.10,148.79,+59.68%,2,73,0.03,25.83%,Call,05/17/21
"3,815.00",+8.20%,389.60,390.20,390.80,414.40,414.40,unch,1,3,0.33,25.71%,Call,04/28/21
"3,820.00",+8.08%,385.20,385.85,386.50,353.90,-56.70,-13.81%,1,57,0.02,25.59%,Call,05/13/21
"3,825.00",+7.96%,380.80,381.45,382.10,409.70,-2.28,-0.55%,1,38,0.03,25.47%,Call,04/28/21
"3,830.00",+7.84%,376.50,377.15,377.80,231.57,21.43,+10.20%,2,115,0.02,25.36%,Call,03/09/21
"3,835.00",+7.72%,372.10,372.75,373.40,0.00,0.00,unch,0,0,0.00,25.24%,Call,N/A
"3,840.00",+7.60%,367.80,368.45,369.10,390.60,156.41,+66.79%,1,6,0.17,25.13%,Call,04/23/21
"3,845.00",+7.48%,363.40,364.05,364.70,390.50,390.50,unch,1,1,1.00,25.00%,Call,04/27/21
"3,850.00",+7.36%,359.10,359.75,360.40,380.67,22.15,+6.18%,5,45,0.11,24.88%,Call,05/21/21
"3,855.00",+7.24%,354.80,355.45,356.10,359.34,-24.56,-6.40%,2,4,0.50,24.77%,Call,05/17/21
"3,860.00",+7.12%,350.50,351.15,351.80,336.27,-50.03,-12.95%,2,23,0.09,24.65%,Call,05/13/21
"3,865.00",+7.00%,346.20,346.85,347.50,370.10,370.10,unch,4,7,0.57,24.53%,Call,04/28/21
"3,870.00",+6.88%,341.90,342.55,343.20,369.10,142.13,+62.62%,24,47,0.51,24.41%,Call,04/23/21
"3,875.00",+6.76%,337.60,338.25,338.90,368.00,4.70,+1.29%,1,55,0.02,24.29%,Call,04/28/21
"3,880.00",+6.64%,333.30,334.00,334.70,336.07,-26.83,-7.39%,2,12,0.17,24.18%,Call,05/11/21
"3,885.00",+6.52%,329.10,329.75,330.40,358.40,358.40,unch,1,1,1.00,24.06%,Call,04/28/21
"3,890.00",+6.40%,324.80,325.45,326.10,349.50,-4.90,-1.38%,1,6,0.17,23.93%,Call,04/27/21
"3,895.00",+6.28%,320.60,321.25,321.90,354.40,354.40,unch,1,2,0.50,23.82%,Call,04/28/21
"3,900.00",+6.16%,316.40,317.05,317.70,314.60,33.33,+11.85%,5,109,0.05,23.70%,Call,05/21/21
"3,905.00",+6.04%,312.20,312.85,313.50,0.00,0.00,unch,0,0,0.00,23.59%,Call,N/A
"3,910.00",+5.92%,307.90,308.60,309.30,303.48,117.18,+62.90%,2,3,0.67,23.46%,Call,04/14/21
"3,915.00",+5.80%,303.80,304.45,305.10,0.00,0.00,unch,0,0,0.00,23.35%,Call,N/A
"3,920.00",+5.68%,299.60,300.25,300.90,330.56,156.76,+90.20%,5,45,0.11,23.23%,Call,04/16/21
"3,925.00",+5.56%,295.40,296.05,296.70,291.47,29.92,+11.44%,2,33,0.06,23.10%,Call,04/14/21
"3,930.00",+5.43%,291.20,291.85,292.50,299.60,137.47,+84.79%,2,8,0.25,22.98%,Call,04/15/21
"3,935.00",+5.31%,287.10,287.75,288.40,0.00,0.00,unch,0,0,0.00,22.86%,Call,N/A
"3,940.00",+5.19%,282.90,283.60,284.30,297.80,106.35,+55.55%,7,97,0.07,22.74%,Call,04/15/21
"3,945.00",+5.07%,278.80,279.45,280.10,0.00,0.00,unch,0,0,0.00,22.62%,Call,N/A
"3,950.00",+4.95%,274.70,275.35,276.00,272.90,-6.80,-2.43%,5,82,0.06,22.50%,Call,05/21/21
"3,955.00",+4.83%,270.60,271.25,271.90,275.80,2.40,+0.88%,1,3,0.33,22.38%,Call,05/17/21
"3,960.00",+4.71%,266.50,267.15,267.80,218.70,-11.10,-4.83%,20,63,0.32,22.26%,Call,05/19/21
"3,965.00",+4.59%,262.40,263.05,263.70,215.20,-68.10,-24.04%,20,21,0.95,22.13%,Call,05/19/21
"3,970.00",+4.47%,258.30,259.00,259.70,276.10,-3.20,-1.15%,4,128,0.03,22.01%,Call,05/06/21
"3,975.00",+4.35%,254.30,254.95,255.60,208.15,-2.14,-1.02%,2,275,0.01,21.89%,Call,04/06/21
"3,980.00",+4.23%,250.30,250.95,251.60,278.70,14.02,+5.30%,4,20,0.20,21.77%,Call,04/23/21
"3,985.00",+4.11%,246.20,246.90,247.60,0.00,0.00,unch,0,0,0.00,21.65%,Call,N/A
"3,990.00",+3.99%,242.20,242.85,243.50,229.22,-41.68,-15.39%,150,150,1.00,21.52%,Call,05/13/21
"3,995.00",+3.87%,238.20,238.90,239.60,0.00,0.00,unch,0,0,0.00,21.40%,Call,N/A
"4,000.00",+3.75%,234.20,234.90,235.60,241.01,36.82,+18.03%,14,874,0.02,21.27%,Call,05/20/21
"4,005.00",+3.63%,230.30,230.95,231.60,259.02,259.02,unch,5,7,0.71,21.15%,Call,04/28/21
"4,010.00",+3.51%,226.30,227.00,227.70,239.90,59.90,+33.28%,8,15,0.53,21.03%,Call,04/21/21
"4,015.00",+3.39%,222.40,223.05,223.70,197.39,197.39,unch,24,22,1.09,20.90%,Call,05/12/21
"4,020.00",+3.27%,218.50,219.15,219.80,175.64,-2.17,-1.22%,4,2,2.00,20.78%,Call,04/06/21
"4,025.00",+3.15%,214.60,215.25,215.90,201.86,-66.84,-24.88%,153,199,0.77,20.66%,Call,05/13/21
"4,030.00",+3.03%,210.70,211.35,212.00,210.80,0.80,+0.38%,4,25,0.16,20.53%,Call,05/18/21
"4,035.00",+2.91%,206.80,207.50,208.20,205.50,205.50,unch,5,10,0.50,20.41%,Call,05/20/21
"4,040.00",+2.79%,203.00,203.65,204.30,195.50,30.90,+18.77%,5,130,0.04,20.28%,Call,05/20/21
"4,045.00",+2.67%,199.20,199.85,200.50,198.00,198.00,unch,5,5,1.00,20.16%,Call,05/20/21
"4,050.00",+2.55%,195.40,196.05,196.70,204.40,20.39,+11.08%,11,219,0.05,20.04%,Call,05/20/21
"4,055.00",+2.43%,191.60,192.25,192.90,200.60,19.00,+10.46%,5,8,0.63,19.91%,Call,05/20/21
"4,060.00",+2.31%,187.80,188.50,189.20,190.53,31.54,+19.84%,2,18,0.11,19.79%,Call,05/21/21
"4,065.00",+2.19%,184.10,184.75,185.40,186.51,14.11,+8.18%,2,14,0.14,19.67%,Call,05/21/21
"4,070.00",+2.07%,180.40,181.05,181.70,181.13,36.63,+25.35%,2,216,0.01,19.56%,Call,05/21/21
"4,075.00",+1.95%,176.70,177.35,178.00,180.57,36.87,+25.66%,174,225,0.77,19.42%,Call,05/21/21
"4,080.00",+1.83%,173.00,173.65,174.30,142.38,-45.02,-24.02%,43,15,2.87,19.29%,Call,05/19/21
"4,085.00",+1.71%,169.40,170.05,170.70,170.90,-3.10,-1.78%,6,10,0.60,19.18%,Call,05/20/21
"4,090.00",+1.58%,165.80,166.45,167.10,129.07,-41.33,-24.25%,1,88,0.01,19.06%,Call,05/19/21
"4,095.00",+1.46%,162.20,162.85,163.50,176.40,176.40,unch,10,8,1.25,18.93%,Call,05/14/21
"4,100.00",+1.34%,158.60,159.15,159.70,138.48,-25.28,-15.44%,43,613,0.07,18.79%,Call,05/19/21
"4,105.00",+1.22%,155.10,155.65,156.20,130.81,130.81,unch,2,1,2.00,18.68%,Call,05/19/21
"4,110.00",+1.10%,151.60,152.15,152.70,159.22,-0.98,-0.61%,1,"1,469",0.00,18.56%,Call,05/21/21
"4,115.00",+0.98%,148.10,148.65,149.20,160.54,17.04,+11.87%,1,35,0.03,18.43%,Call,05/21/21
"4,120.00",+0.86%,144.70,145.20,145.70,146.48,-0.77,-0.52%,8,85,0.09,18.31%,Call,05/20/21
"4,125.00",+0.74%,141.20,141.75,142.30,153.74,8.53,+5.87%,1,"1,491",0.00,18.19%,Call,05/21/21
"4,130.00",+0.62%,137.90,138.40,138.90,142.80,10.30,+7.77%,6,251,0.02,18.07%,Call,05/18/21
"4,135.00",+0.50%,134.50,135.00,135.50,126.20,8.40,+7.13%,20,46,0.43,17.95%,Call,05/13/21
"4,140.00",+0.38%,131.20,131.70,132.20,132.13,-1.42,-1.06%,2,40,0.05,17.89%,Call,05/21/21
"4,145.00",+0.26%,127.90,128.40,128.90,161.50,161.50,unch,14,36,0.39,17.72%,Call,04/30/21
"4,150.00",+0.14%,124.60,125.10,125.60,129.80,24.10,+22.80%,660,"1,167",0.57,17.59%,Call,05/20/21
"4,155.00",+0.02%,121.40,121.90,122.40,125.70,21.67,+20.83%,5,41,0.12,17.48%,Call,05/20/21
"4,160.00",-0.10%,118.20,118.70,119.20,123.30,33.62,+37.49%,2,53,0.04,17.36%,Call,05/20/21
"4,165.00",-0.22%,115.00,115.55,116.10,97.70,-13.10,-11.82%,17,33,0.52,17.25%,Call,05/19/21
"4,170.00",-0.34%,111.90,112.40,112.90,111.59,-7.72,-6.47%,1,61,0.02,17.13%,Call,05/21/21
"4,175.00",-0.46%,108.80,109.35,109.90,112.18,-8.44,-7.00%,46,229,0.20,17.02%,Call,05/20/21
"4,180.00",-0.58%,105.80,106.30,106.80,104.80,-5.00,-4.55%,157,62,2.53,16.90%,Call,05/21/21
"4,185.00",-0.70%,102.80,103.30,103.80,101.80,-37.41,-26.87%,1,27,0.04,16.79%,Call,05/21/21
"4,190.00",-0.82%,99.90,100.40,100.90,103.23,-3.98,-3.71%,40,51,0.78,16.68%,Call,05/20/21
"4,195.00",-0.94%,96.90,97.40,97.90,101.10,-6.60,-6.13%,6,36,0.17,16.56%,Call,05/17/21
"4,200.00",-1.06%,94.10,94.60,95.10,93.90,-3.30,-3.40%,2,"1,284",0.00,16.46%,Call,05/21/21
"4,205.00",-1.18%,91.20,91.70,92.20,102.57,6.97,+7.29%,1,31,0.03,16.34%,Call,05/21/21
"4,210.00",-1.30%,88.40,88.90,89.40,99.72,5.41,+5.74%,1,119,0.01,16.23%,Call,05/21/21
"4,215.00",-1.42%,85.70,86.20,86.70,91.20,-38.12,-29.48%,18,37,0.49,16.13%,Call,05/17/21
"4,220.00",-1.54%,83.00,83.50,84.00,67.07,-19.96,-22.93%,7,19,0.37,16.03%,Call,05/19/21
"4,225.00",-1.66%,80.40,80.85,81.30,83.75,19.29,+29.93%,2,"1,415",0.00,15.92%,Call,05/20/21
"4,230.00",-1.78%,77.80,78.25,78.70,60.99,-28.21,-31.63%,4,29,0.14,15.82%,Call,05/19/21
"4,235.00",-1.90%,75.20,75.70,76.20,77.74,-3.76,-4.61%,4,24,0.17,15.72%,Call,05/21/21
"4,240.00",-2.02%,72.70,73.20,73.70,75.08,-3.19,-4.08%,4,41,0.10,15.62%,Call,05/21/21
"4,245.00",-2.14%,70.20,70.70,71.20,71.74,14.14,+24.55%,4,19,0.21,15.51%,Call,05/21/21
"4,250.00",-2.27%,67.80,68.30,68.80,70.46,7.42,+11.77%,498,"3,657",0.14,15.42%,Call,05/21/21
"4,255.00",-2.39%,65.50,65.95,66.40,75.40,-2.20,-2.84%,10,17,0.59,15.32%,Call,05/14/21
"4,260.00",-2.51%,63.20,63.65,64.10,64.54,-2.15,-3.22%,4,27,0.15,15.23%,Call,05/21/21
"4,265.00",-2.63%,60.90,61.35,61.80,64.90,-2.70,-3.99%,11,28,0.39,15.13%,Call,05/18/21
"4,270.00",-2.75%,58.70,59.15,59.60,65.80,22.84,+53.17%,7,32,0.22,15.04%,Call,05/20/21
"4,275.00",-2.87%,56.60,57.00,57.40,61.01,18.91,+44.92%,11,61,0.18,14.95%,Call,05/20/21
"4,280.00",-2.99%,54.50,54.90,55.30,58.24,-6.16,-9.57%,14,54,0.26,14.86%,Call,05/20/21
"4,285.00",-3.11%,52.40,52.85,53.30,54.20,-13.69,-20.16%,12,51,0.24,14.77%,Call,05/21/21
"4,290.00",-3.23%,50.40,50.85,51.30,50.75,-4.86,-8.74%,1,111,0.01,14.67%,Call,05/21/21
"4,295.00",-3.35%,48.50,48.90,49.30,54.90,5.20,+10.46%,6,20,0.30,14.60%,Call,05/17/21
"4,300.00",-3.47%,46.60,47.00,47.40,46.62,-5.98,-11.37%,7,481,0.01,14.45%,Call,05/21/21
"4,305.00",-3.59%,44.70,45.10,45.50,53.90,7.74,+16.77%,40,41,0.98,14.42%,Call,05/14/21
"4,310.00",-3.71%,43.00,43.35,43.70,51.80,16.80,+48.00%,20,42,0.48,14.35%,Call,05/21/21
"4,315.00",-3.83%,41.20,41.60,42.00,33.80,-26.50,-43.95%,7,11,0.64,14.27%,Call,05/19/21
"4,320.00",-3.95%,39.50,39.90,40.30,46.48,-3.09,-6.23%,4,21,0.19,14.19%,Call,05/20/21
"4,325.00",-4.07%,37.90,38.30,38.70,39.47,-2.93,-6.91%,45,"2,684",0.02,14.13%,Call,05/21/21
"4,330.00",-4.19%,36.30,36.70,37.10,45.09,4.47,+11.00%,2,68,0.03,14.05%,Call,05/21/21
"4,335.00",-4.31%,34.80,35.15,35.50,40.70,13.50,+49.63%,20,96,0.21,13.98%,Call,05/20/21
"4,340.00",-4.43%,33.30,33.70,34.10,39.80,-2.60,-6.13%,19,47,0.40,13.92%,Call,05/20/21
"4,345.00",-4.55%,31.90,32.25,32.60,40.60,-7.12,-14.92%,5,12,0.42,13.85%,Call,05/11/21
"4,350.00",-4.67%,30.50,30.85,31.20,34.32,10.57,+44.51%,3,"1,035",0.00,13.78%,Call,05/20/21
"4,355.00",-4.79%,29.20,29.55,29.90,36.34,-8.13,-18.28%,31,32,0.97,13.72%,Call,05/14/21
"4,360.00",-4.91%,27.90,28.25,28.60,26.07,-31.33,-54.58%,1,64,0.02,13.66%,Call,05/18/21
"4,365.00",-5.03%,26.70,27.05,27.40,46.73,46.73,unch,25,25,1.00,13.61%,Call,04/30/21
"4,370.00",-5.15%,25.50,25.85,26.20,25.05,-26.75,-51.64%,1,13,0.08,13.55%,Call,05/21/21
"4,375.00",-5.27%,24.40,24.70,25.00,25.80,-1.90,-6.86%,21,278,0.08,13.50%,Call,05/21/21
"4,380.00",-5.39%,23.30,23.60,23.90,19.05,-6.96,-26.76%,2,63,0.03,13.45%,Call,05/19/21
"4,385.00",-5.51%,22.20,22.55,22.90,18.25,-8.33,-31.34%,2,90,0.02,13.40%,Call,05/19/21
"4,390.00",-5.63%,21.20,21.55,21.90,22.50,-3.75,-14.29%,2,9,0.22,13.35%,Call,05/21/21
"4,395.00",-5.75%,20.30,20.60,20.90,23.40,4.20,+21.87%,6,7,0.86,13.31%,Call,05/20/21
"4,400.00",-5.87%,19.30,19.60,19.90,19.44,-3.68,-15.92%,77,604,0.13,13.22%,Call,05/21/21
"4,405.00",-5.99%,18.50,18.80,19.10,22.72,5.17,+29.46%,4,21,0.19,13.24%,Call,05/21/21
"4,410.00",-6.12%,17.60,17.90,18.20,17.35,3.63,+26.46%,23,56,0.41,13.19%,Call,05/21/21
"4,415.00",-6.24%,16.80,17.10,17.40,20.52,6.87,+50.33%,5,42,0.12,13.16%,Call,05/21/21
"4,420.00",-6.36%,16.00,16.30,16.60,15.85,-3.42,-17.75%,8,103,0.08,13.12%,Call,05/21/21
"4,425.00",-6.48%,15.30,15.55,15.80,18.10,6.38,+54.44%,9,552,0.02,13.08%,Call,05/20/21
"4,430.00",-6.60%,14.60,14.85,15.10,17.70,5.80,+48.74%,6,9,0.67,13.06%,Call,05/20/21
"4,435.00",-6.72%,13.90,14.20,14.50,15.35,-1.55,-9.17%,2,21,0.10,13.04%,Call,05/21/21
"4,440.00",-6.84%,13.30,13.55,13.80,14.55,-1.65,-10.19%,2,55,0.04,13.01%,Call,05/21/21
"4,445.00",-6.96%,12.60,12.90,13.20,13.75,-1.65,-10.71%,8,26,0.31,12.98%,Call,05/21/21
"4,450.00",-7.08%,12.10,12.35,12.60,12.95,-1.71,-11.66%,176,253,0.70,12.97%,Call,05/21/21
"4,455.00",-7.20%,11.50,11.75,12.00,14.20,-1.47,-9.38%,6,44,0.14,12.93%,Call,05/20/21
"4,460.00",-7.32%,11.00,11.25,11.50,13.50,4.66,+52.71%,6,97,0.06,12.93%,Call,05/20/21
"4,465.00",-7.44%,10.50,10.75,11.00,13.00,-4.40,-25.29%,6,23,0.26,12.91%,Call,05/20/21
"4,470.00",-7.56%,10.00,10.25,10.50,12.30,12.30,unch,6,6,1.00,12.89%,Call,05/20/21
"4,475.00",-7.68%,9.50,9.75,10.00,10.07,-1.83,-15.38%,4,108,0.04,12.87%,Call,05/21/21
"4,480.00",-7.80%,9.10,9.35,9.60,12.75,-7.75,-37.80%,6,5,1.20,12.87%,Call,05/14/21
"4,485.00",-7.92%,8.60,8.85,9.10,9.22,2.18,+30.97%,4,15,0.27,12.83%,Call,05/21/21
"4,490.00",-8.04%,8.30,8.50,8.70,18.20,18.20,unch,2,2,1.00,12.84%,Call,05/03/21
"4,495.00",-8.16%,7.90,8.15,8.40,10.37,-1.93,-15.69%,12,37,0.32,12.85%,Call,05/14/21
"4,500.00",-8.28%,7.50,7.75,8.00,8.24,-1.26,-13.26%,74,276,0.27,12.83%,Call,05/21/21
"4,510.00",-8.52%,6.80,7.05,7.30,7.83,-2.44,-23.76%,25,71,0.35,12.81%,Call,05/18/21
"4,520.00",-8.76%,6.20,6.45,6.70,5.50,-3.63,-39.76%,1,12,0.08,12.81%,Call,05/19/21
"4,525.00",-8.88%,5.90,6.15,6.40,7.72,2.55,+49.32%,1,"2,397",0.00,12.80%,Call,05/21/21
"4,530.00",-9.00%,5.70,5.90,6.10,9.08,-6.02,-39.87%,7,13,0.54,12.81%,Call,05/11/21
"4,540.00",-9.24%,5.20,5.40,5.60,6.10,-0.76,-11.08%,3,23,0.13,12.82%,Call,05/18/21
"4,550.00",-9.48%,4.70,4.90,5.10,6.25,0.10,+1.63%,1,"2,029",0.00,12.81%,Call,05/21/21
"4,560.00",-9.72%,4.30,4.50,4.70,3.81,-2.89,-43.13%,27,42,0.64,12.83%,Call,05/19/21
"4,570.00",-9.97%,3.90,4.10,4.30,5.20,-0.81,-13.48%,12,33,0.36,12.83%,Call,05/17/21
"4,575.00",-10.09%,3.70,3.90,4.10,4.14,-0.90,-17.86%,1,85,0.01,12.83%,Call,05/21/21
"4,580.00",-10.21%,3.60,3.75,3.90,4.74,1.64,+52.90%,52,59,0.88,12.85%,Call,05/20/21
"4,590.00",-10.45%,3.30,3.45,3.60,3.65,0.80,+28.07%,1,6,0.17,12.88%,Call,05/21/21
"4,600.00",-10.69%,3.00,3.15,3.30,4.05,1.15,+39.66%,6,119,0.05,12.89%,Call,05/20/21
"4,650.00",-11.89%,1.95,2.08,2.20,2.28,-0.77,-25.25%,20,69,0.29,13.05%,Call,05/18/21
"4,700.00",-13.09%,1.25,1.40,1.55,1.84,0.51,+38.35%,78,226,0.35,13.27%,Call,05/20/21
"4,750.00",-14.30%,0.85,0.98,1.10,1.33,-0.16,-10.74%,9,121,0.07,13.54%,Call,05/17/21
"4,800.00",-15.50%,0.60,0.73,0.85,0.96,-0.06,-5.88%,80,283,0.28,13.92%,Call,05/17/21
"4,900.00",-17.91%,0.30,0.43,0.55,0.44,-0.26,-37.14%,4,82,0.05,14.69%,Call,05/18/21
"5,000.00",-20.31%,0.15,0.28,0.40,0.72,0.07,+10.77%,2,26,0.08,15.55%,Call,04/30/21
"5,100.00",-22.72%,0.10,0.22,0.35,0.60,-0.61,-50.41%,268,266,1.01,16.68%,Call,04/30/21
"5,200.00",-25.12%,0.05,0.18,0.30,0.20,-0.35,-63.64%,2,10,0.20,17.88%,Call,05/21/21
"5,300.00",-27.53%,0.05,0.15,0.25,0.46,-0.04,-8.00%,10,14,0.71,18.74%,Call,04/06/21
"5,400.00",-29.94%,0.05,0.13,0.20,0.00,0.00,unch,0,0,0.00,19.72%,Call,N/A
"5,500.00",-32.34%,0.05,0.08,0.10,0.00,0.00,unch,0,0,0.00,20.12%,Call,N/A
"5,600.00",-34.75%,0.05,0.13,0.20,0.22,-0.03,-12.00%,1,1,1.00,0.00%,Call,04/13/21
"5,700.00",-37.16%,0.05,0.10,0.15,0.10,0.00,unch,40,200,0.20,0.00%,Call,04/30/21
"5,800.00",-39.56%,0.10,0.13,0.15,0.10,0.00,unch,80,548,0.15,0.00%,Call,04/30/21
"5,900.00",-41.97%,0.10,0.10,0.10,0.10,0.00,unch,40,610,0.07,0.00%,Call,04/30/21
"6,000.00",-44.37%,0.05,0.08,0.10,0.16,0.06,+60.00%,1,93,0.01,0.00%,Call,04/12/21
"6,100.00",-46.78%,0.00,0.05,0.10,0.11,0.11,unch,1,3,0.33,0.00%,Call,04/19/21
"6,200.00",-49.19%,0.00,0.05,0.10,0.12,0.12,unch,1,1,1.00,0.00%,Call,04/19/21
"1,000.00",-75.94%,0.10,0.18,0.25,0.25,0.10,+66.67%,5,860,0.01,101.99%,Put,05/19/21
"1,100.00",-73.53%,0.10,0.18,0.25,0.15,-0.10,-40.00%,1,206,0.00,94.16%,Put,05/21/21
"1,200.00",-71.13%,0.15,0.22,0.30,0.35,0.13,+59.09%,5,50,0.10,91.02%,Put,05/19/21
"1,300.00",-68.72%,0.20,0.25,0.30,0.44,-0.31,-41.33%,36,76,0.47,86.06%,Put,04/14/21
"1,400.00",-66.31%,0.25,0.33,0.40,0.25,-0.34,-57.63%,124,188,0.66,82.55%,Put,05/10/21
"1,500.00",-63.91%,0.30,0.40,0.50,0.35,-2.50,-87.72%,23,147,0.16,78.93%,Put,05/10/21
"1,600.00",-61.50%,0.40,0.50,0.60,0.49,-0.36,-42.35%,30,"1,748",0.02,75.51%,Put,05/21/21
"1,700.00",-59.09%,0.55,0.65,0.75,1.30,0.55,+73.33%,10,197,0.05,72.84%,Put,05/19/21
"1,800.00",-56.69%,0.70,0.80,0.90,1.61,0.64,+65.98%,5,"7,595",0.00,69.83%,Put,05/19/21
"1,900.00",-54.28%,0.90,1.00,1.10,1.65,0.56,+51.38%,5,"11,007",0.00,67.08%,Put,05/19/21
"2,000.00",-51.88%,1.15,1.25,1.35,1.25,-0.12,-8.76%,4,"5,310",0.00,64.46%,Put,05/21/21
"2,100.00",-49.47%,1.45,1.55,1.65,1.75,-0.25,-12.50%,36,"5,435",0.01,61.91%,Put,05/17/21
"2,200.00",-47.06%,1.80,1.90,2.00,1.87,-0.20,-9.66%,16,"1,606",0.01,59.26%,Put,05/21/21
"2,250.00",-45.86%,2.00,2.10,2.20,3.48,1.43,+69.76%,9,205,0.04,58.13%,Put,05/19/21
"2,300.00",-44.66%,2.25,2.35,2.45,3.80,1.80,+90.00%,5,"5,117",0.00,57.00%,Put,05/19/21
"2,350.00",-43.45%,2.45,2.58,2.70,4.09,1.49,+57.31%,3,64,0.05,55.74%,Put,05/19/21
"2,400.00",-42.25%,2.70,2.83,2.95,2.77,-0.07,-2.46%,6,"3,805",0.00,54.36%,Put,05/21/21
"2,450.00",-41.05%,3.00,3.15,3.30,3.12,-4.48,-58.95%,22,104,0.21,53.40%,Put,05/14/21
"2,500.00",-39.84%,3.30,3.45,3.60,6.00,1.87,+45.28%,10,"2,757",0.00,52.19%,Put,05/19/21
"2,550.00",-38.64%,3.60,3.75,3.90,6.93,3.25,+88.32%,125,295,0.42,50.93%,Put,05/19/21
"2,600.00",-37.44%,4.00,4.15,4.30,4.95,0.80,+19.28%,5,136,0.04,49.82%,Put,05/20/21
"2,650.00",-36.23%,4.40,4.55,4.70,7.04,-0.41,-5.50%,270,590,0.46,48.66%,Put,04/12/21
"2,700.00",-35.03%,4.80,4.95,5.10,5.35,-2.05,-27.70%,2,450,0.00,47.44%,Put,05/20/21
"2,750.00",-33.83%,5.30,5.45,5.60,5.90,-2.20,-27.16%,127,965,0.13,46.33%,Put,05/20/21
"2,800.00",-32.63%,5.80,5.95,6.10,6.00,-5.00,-45.45%,15,"1,688",0.01,45.22%,Put,05/21/21
"2,825.00",-32.02%,6.10,6.25,6.40,9.30,4.00,+75.47%,20,64,0.31,44.62%,Put,05/19/21
"2,850.00",-31.42%,6.40,6.55,6.70,6.75,-2.85,-29.69%,2,"1,848",0.00,44.06%,Put,05/20/21
"2,875.00",-30.82%,6.70,6.85,7.00,6.30,-4.10,-39.42%,2,151,0.01,43.49%,Put,05/07/21
"2,900.00",-30.22%,7.10,7.25,7.40,11.20,4.21,+60.23%,161,"8,046",0.02,43.00%,Put,05/19/21
"2,925.00",-29.62%,7.40,7.55,7.70,8.00,-2.35,-22.71%,7,484,0.01,42.41%,Put,05/18/21
"2,950.00",-29.02%,7.80,7.95,8.10,13.17,6.07,+85.49%,30,58,0.52,41.89%,Put,05/19/21
"2,975.00",-28.41%,8.10,8.30,8.50,13.80,5.18,+60.09%,62,"2,172",0.03,41.31%,Put,05/19/21
"3,000.00",-27.81%,8.50,8.70,8.90,9.00,-3.57,-28.40%,13,622,0.02,40.76%,Put,05/21/21
"3,025.00",-27.21%,9.00,9.15,9.30,8.50,-3.20,-27.35%,6,99,0.06,40.23%,Put,05/07/21
"3,050.00",-26.61%,9.40,9.55,9.70,9.80,-1.10,-10.09%,1,198,0.01,39.65%,Put,05/21/21
"3,075.00",-26.01%,9.90,10.05,10.20,9.80,-1.25,-11.31%,6,269,0.02,39.14%,Put,05/21/21
"3,100.00",-25.41%,10.40,10.55,10.70,12.23,-3.72,-23.32%,398,414,0.96,38.60%,Put,05/20/21
"3,125.00",-24.80%,10.90,11.10,11.30,16.11,3.51,+27.86%,90,"1,019",0.09,38.08%,Put,05/19/21
"3,140.00",-24.44%,11.30,11.45,11.60,11.70,2.00,+20.62%,32,77,0.42,37.77%,Put,05/20/21
"3,150.00",-24.20%,11.50,11.70,11.90,11.80,-0.34,-2.80%,92,"1,330",0.07,37.64%,Put,05/21/21
"3,160.00",-23.96%,11.70,11.90,12.10,18.00,-4.60,-20.35%,1,98,0.01,37.34%,Put,05/13/21
"3,170.00",-23.72%,12.00,12.20,12.40,10.30,-0.60,-5.50%,45,79,0.57,37.16%,Put,05/10/21
"3,175.00",-23.60%,12.10,12.30,12.50,12.10,-5.79,-32.36%,32,373,0.09,36.92%,Put,05/21/21
"3,180.00",-23.48%,12.20,12.40,12.60,12.22,-0.48,-3.78%,1,106,0.01,36.82%,Put,05/21/21
"3,190.00",-23.24%,12.50,12.70,12.90,13.50,1.90,+16.38%,6,68,0.09,36.74%,Put,05/20/21
"3,200.00",-23.00%,12.80,12.95,13.10,12.67,-1.03,-7.52%,1,"2,849",0.00,36.53%,Put,05/21/21
"3,210.00",-22.76%,13.00,13.20,13.40,14.10,-0.88,-5.87%,1,133,0.01,36.31%,Put,05/20/21
"3,220.00",-22.52%,13.30,13.50,13.70,13.20,-6.93,-34.43%,36,91,0.40,36.12%,Put,05/21/21
"3,225.00",-22.40%,13.40,13.60,13.80,14.05,-13.49,-48.98%,40,746,0.05,35.99%,Put,05/20/21
"3,230.00",-22.28%,13.60,13.80,14.00,14.47,-6.53,-31.10%,1,128,0.01,35.92%,Put,05/20/21
"3,240.00",-22.04%,13.90,14.10,14.30,20.79,7.89,+61.16%,2,36,0.06,35.72%,Put,05/19/21
"3,250.00",-21.80%,14.20,14.40,14.60,15.32,-9.68,-38.72%,411,"2,509",0.16,35.52%,Put,05/20/21
"3,260.00",-21.56%,14.50,14.70,14.90,0.00,0.00,unch,0,0,0.00,35.31%,Put,N/A
"3,270.00",-21.32%,14.80,15.00,15.20,15.67,15.67,unch,2,2,1.00,35.10%,Put,05/20/21
"3,275.00",-21.20%,14.90,15.15,15.40,28.00,1.90,+7.28%,3,733,0.00,35.00%,Put,05/12/21
"3,280.00",-21.08%,15.10,15.30,15.50,14.10,-6.40,-31.22%,34,36,0.94,34.89%,Put,05/07/21
"3,290.00",-20.83%,15.40,15.65,15.90,0.00,0.00,unch,0,0,0.00,34.70%,Put,N/A
"3,300.00",-20.59%,15.80,16.00,16.20,16.70,0.72,+4.51%,1,"5,665",0.00,34.50%,Put,05/20/21
"3,310.00",-20.35%,16.10,16.30,16.50,24.38,24.38,unch,28,45,0.62,34.28%,Put,05/13/21
"3,320.00",-20.11%,16.50,16.70,16.90,0.00,0.00,unch,0,0,0.00,34.10%,Put,N/A
"3,325.00",-19.99%,16.60,16.85,17.10,16.30,-2.65,-13.98%,45,"2,659",0.02,33.98%,Put,05/21/21
"3,330.00",-19.87%,16.80,17.05,17.30,16.30,-5.56,-25.43%,1,1,1.00,33.89%,Put,05/21/21
"3,340.00",-19.63%,17.20,17.40,17.60,0.00,0.00,unch,0,0,0.00,33.68%,Put,N/A
"3,350.00",-19.39%,17.60,17.80,18.00,17.83,-9.82,-35.52%,4,"3,446",0.00,33.50%,Put,05/21/21
"3,360.00",-19.15%,17.90,18.15,18.40,0.00,0.00,unch,0,0,0.00,33.27%,Put,N/A
"3,370.00",-18.91%,18.40,18.60,18.80,26.06,5.72,+28.12%,1,20,0.05,33.09%,Put,05/19/21
"3,375.00",-18.79%,18.50,18.75,19.00,27.94,6.51,+30.38%,1,146,0.01,32.97%,Put,05/19/21
"3,380.00",-18.67%,18.80,19.00,19.20,55.93,-17.70,-24.04%,2,57,0.04,32.89%,Put,03/22/21
"3,390.00",-18.43%,19.20,19.45,19.70,21.00,-5.38,-20.39%,55,61,0.90,32.70%,Put,05/14/21
"3,400.00",-18.19%,19.60,19.85,20.10,18.99,-1.71,-8.26%,13,"2,872",0.00,32.49%,Put,05/21/21
"3,410.00",-17.95%,20.00,20.30,20.60,20.00,-1.80,-8.26%,4,20,0.20,32.29%,Put,05/18/21
"3,420.00",-17.71%,20.50,20.75,21.00,30.40,10.40,+52.00%,1,45,0.02,32.09%,Put,05/19/21
"3,425.00",-17.59%,20.70,21.00,21.30,21.30,-7.65,-26.42%,38,"3,142",0.01,32.00%,Put,05/14/21
"3,430.00",-17.47%,20.90,21.20,21.50,22.15,-1.80,-7.52%,45,84,0.54,31.89%,Put,05/14/21
"3,440.00",-17.23%,21.40,21.70,22.00,21.53,-16.99,-44.11%,2,143,0.01,31.70%,Put,05/18/21
"3,450.00",-16.98%,21.90,22.15,22.40,21.18,-3.22,-13.20%,2,"2,750",0.00,31.48%,Put,05/21/21
"3,460.00",-16.74%,22.40,22.65,22.90,22.29,-1.55,-6.50%,1,140,0.01,31.28%,Put,05/21/21
"3,470.00",-16.50%,22.90,23.20,23.50,32.34,8.94,+38.21%,7,54,0.13,31.10%,Put,05/19/21
"3,475.00",-16.38%,23.20,23.45,23.70,24.43,-12.54,-33.92%,2,780,0.00,31.00%,Put,05/20/21
"3,480.00",-16.26%,23.40,23.70,24.00,39.23,11.63,+42.14%,38,76,0.50,30.89%,Put,05/12/21
"3,490.00",-16.02%,24.00,24.25,24.50,22.90,-13.44,-36.98%,30,141,0.21,30.70%,Put,05/21/21
"3,500.00",-15.78%,24.50,24.80,25.10,24.93,-1.23,-4.70%,6,"4,545",0.00,30.54%,Put,05/21/21
"3,510.00",-15.54%,25.10,25.35,25.60,25.02,-1.88,-6.99%,1,297,0.00,30.29%,Put,05/21/21
"3,520.00",-15.30%,25.70,25.95,26.20,26.00,-6.73,-20.56%,6,122,0.05,30.10%,Put,05/14/21
"3,525.00",-15.18%,26.00,26.25,26.50,29.29,3.15,+12.05%,17,889,0.02,30.00%,Put,05/20/21
"3,530.00",-15.06%,26.20,26.50,26.80,26.00,-7.79,-23.05%,38,64,0.59,29.89%,Put,05/21/21
"3,540.00",-14.82%,26.90,27.20,27.50,27.30,-14.10,-34.06%,10,85,0.12,29.75%,Put,05/21/21
"3,550.00",-14.58%,27.50,27.80,28.10,31.56,-7.44,-19.08%,24,"2,793",0.01,29.51%,Put,05/20/21
"3,560.00",-14.34%,28.10,28.40,28.70,32.23,-7.55,-18.98%,3,60,0.05,29.30%,Put,05/20/21
"3,565.00",-14.22%,28.40,28.75,29.10,44.10,11.60,+35.69%,10,52,0.19,29.21%,Put,05/19/21
"3,570.00",-14.10%,28.80,29.10,29.40,29.60,0.57,+1.96%,6,53,0.11,29.11%,Put,05/18/21
"3,575.00",-13.98%,29.10,29.40,29.70,27.70,-13.86,-33.35%,67,175,0.38,29.00%,Put,05/21/21
"3,580.00",-13.86%,29.40,29.75,30.10,40.99,6.29,+18.13%,3,51,0.06,28.91%,Put,05/19/21
"3,585.00",-13.74%,29.80,30.10,30.40,27.10,-5.55,-17.00%,6,6,1.00,28.81%,Put,05/07/21
"3,590.00",-13.62%,30.10,30.45,30.80,30.95,-3.76,-10.83%,12,112,0.11,28.71%,Put,05/21/21
"3,595.00",-13.50%,30.50,30.80,31.10,44.10,13.20,+42.72%,2,14,0.14,28.61%,Put,05/19/21
"3,600.00",-13.38%,30.90,31.20,31.50,31.65,-3.01,-8.68%,82,"1,761",0.05,28.52%,Put,05/21/21
"3,605.00",-13.26%,31.20,31.50,31.80,29.60,29.60,unch,47,59,0.80,28.40%,Put,05/10/21
"3,610.00",-13.13%,31.60,31.90,32.20,31.20,-15.17,-32.72%,6,64,0.09,28.31%,Put,05/14/21
"3,615.00",-13.01%,31.90,32.25,32.60,34.00,4.50,+15.25%,6,12,0.50,28.21%,Put,05/10/21
"3,620.00",-12.89%,32.30,32.65,33.00,36.06,-15.74,-30.39%,2,39,0.05,28.11%,Put,05/20/21
"3,625.00",-12.77%,32.70,33.00,33.30,37.67,1.20,+3.29%,4,"2,485",0.00,28.01%,Put,05/20/21
"3,630.00",-12.65%,33.10,33.40,33.70,54.10,20.12,+59.21%,6,524,0.01,27.91%,Put,05/19/21
"3,635.00",-12.53%,33.40,33.75,34.10,38.30,-0.30,-0.78%,6,12,0.50,27.80%,Put,05/17/21
"3,640.00",-12.41%,33.80,34.15,34.50,52.49,-2.33,-4.25%,48,29,1.66,27.70%,Put,05/13/21
"3,645.00",-12.29%,34.30,34.60,34.90,49.40,-3.85,-7.23%,1,14,0.07,27.61%,Put,05/19/21
"3,650.00",-12.17%,34.70,35.00,35.30,36.00,-16.22,-31.06%,6,831,0.01,27.51%,Put,05/20/21
"3,655.00",-12.05%,35.10,35.45,35.80,43.12,-10.18,-19.10%,2,18,0.11,27.42%,Put,05/18/21
"3,660.00",-11.93%,35.50,35.85,36.20,51.10,-1.43,-2.72%,1,72,0.01,27.31%,Put,05/19/21
"3,665.00",-11.81%,35.90,36.25,36.60,44.08,7.50,+20.50%,2,9,0.22,27.21%,Put,05/18/21
"3,670.00",-11.69%,36.40,36.70,37.00,37.20,-2.68,-6.72%,12,37,0.32,27.11%,Put,05/20/21
"3,675.00",-11.57%,36.70,37.10,37.50,51.22,15.15,+42.00%,1,637,0.00,27.01%,Put,05/19/21
"3,680.00",-11.45%,37.20,37.55,37.90,36.42,-2.18,-5.65%,2,33,0.06,26.91%,Put,05/21/21
"3,685.00",-11.33%,37.60,37.95,38.30,49.49,49.49,unch,16,70,0.23,26.80%,Put,05/04/21
"3,690.00",-11.21%,38.10,38.45,38.80,37.28,-15.87,-29.86%,32,"1,106",0.03,26.71%,Put,05/21/21
"3,695.00",-11.09%,38.50,38.85,39.20,38.70,-18.30,-32.11%,5,12,0.42,26.56%,Put,05/21/21
"3,700.00",-10.97%,39.00,39.35,39.70,40.20,-0.41,-1.01%,105,"3,259",0.03,26.50%,Put,05/21/21
"3,705.00",-10.85%,39.40,39.80,40.20,39.60,-1.70,-4.12%,5,12,0.42,26.35%,Put,05/21/21
"3,710.00",-10.73%,39.90,40.25,40.60,42.62,-24.40,-36.41%,174,154,1.13,26.29%,Put,05/20/21
"3,715.00",-10.61%,40.40,40.75,41.10,58.38,58.38,unch,1,1,1.00,26.19%,Put,05/19/21
"3,720.00",-10.49%,40.90,41.25,41.60,39.37,-4.20,-9.64%,1,"1,643",0.00,26.09%,Put,05/21/21
"3,725.00",-10.37%,41.40,41.75,42.10,40.00,-1.91,-4.56%,160,806,0.20,25.99%,Put,05/21/21
"3,730.00",-10.25%,41.90,42.25,42.60,44.69,1.59,+3.69%,1,42,0.02,25.89%,Put,05/20/21
"3,735.00",-10.13%,42.40,42.75,43.10,48.19,-5.51,-10.26%,2,12,0.17,25.79%,Put,05/14/21
"3,740.00",-10.01%,42.90,43.25,43.60,59.55,-4.95,-7.67%,4,43,0.09,25.68%,Put,05/19/21
"3,745.00",-9.89%,43.40,43.75,44.10,44.90,-4.22,-8.59%,42,2,21.00,25.58%,Put,05/21/21
"3,750.00",-9.77%,43.90,44.30,44.70,42.22,-6.66,-13.63%,37,"7,531",0.00,25.48%,Put,05/21/21
"3,755.00",-9.65%,44.40,44.80,45.20,56.20,6.70,+13.54%,6,12,0.50,25.37%,Put,05/11/21
"3,760.00",-9.53%,45.00,45.35,45.70,62.67,14.22,+29.35%,4,98,0.04,25.27%,Put,05/19/21
"3,765.00",-9.41%,45.50,45.90,46.30,66.39,15.82,+31.28%,36,23,1.57,25.17%,Put,05/19/21
"3,770.00",-9.28%,46.10,46.45,46.80,46.99,-5.50,-10.48%,5,274,0.02,25.07%,Put,05/20/21
"3,775.00",-9.16%,46.60,47.00,47.40,45.87,-2.30,-4.77%,1,"1,648",0.00,24.96%,Put,05/21/21
"3,780.00",-9.04%,47.20,47.55,47.90,48.50,-5.24,-9.75%,39,43,0.91,24.85%,Put,05/21/21
"3,785.00",-8.92%,47.70,48.10,48.50,55.09,-11.79,-17.63%,2,7,0.29,24.75%,Put,05/17/21
"3,790.00",-8.80%,48.30,48.70,49.10,67.56,12.52,+22.75%,10,127,0.08,24.65%,Put,05/19/21
"3,795.00",-8.68%,48.90,49.30,49.70,49.11,5.11,+11.61%,571,286,2.00,24.54%,Put,05/14/21
"3,800.00",-8.56%,49.50,49.90,50.30,50.60,-2.03,-3.86%,14,"5,776",0.00,24.44%,Put,05/21/21
"3,805.00",-8.44%,50.10,50.50,50.90,52.81,-2.69,-4.85%,2,11,0.18,24.34%,Put,05/20/21
"3,810.00",-8.32%,50.70,51.10,51.50,48.84,-3.33,-6.38%,5,872,0.01,24.23%,Put,05/21/21
"3,815.00",-8.20%,51.30,51.70,52.10,70.80,14.00,+24.65%,6,11,0.55,24.12%,Put,05/19/21
"3,820.00",-8.08%,52.00,52.35,52.70,52.96,-18.64,-26.03%,532,330,1.61,24.02%,Put,05/20/21
"3,825.00",-7.96%,52.60,52.95,53.30,53.32,-4.50,-7.78%,2,701,0.00,23.91%,Put,05/20/21
"3,830.00",-7.84%,53.10,53.55,54.00,55.05,-21.63,-28.21%,4,108,0.04,23.79%,Put,05/18/21
"3,835.00",-7.72%,53.90,54.25,54.60,56.13,-26.97,-32.45%,2,1,2.00,23.70%,Put,05/20/21
"3,840.00",-7.60%,54.40,54.85,55.30,56.74,-0.21,-0.37%,12,122,0.10,23.58%,Put,05/20/21
"3,845.00",-7.48%,55.20,55.55,55.90,60.40,-1.80,-2.89%,12,35,0.34,23.48%,Put,05/20/21
"3,850.00",-7.36%,55.80,56.20,56.60,59.37,-18.43,-23.69%,280,901,0.31,23.37%,Put,05/20/21
"3,855.00",-7.24%,56.40,56.85,57.30,63.00,63.00,unch,20,21,0.95,23.25%,Put,05/14/21
"3,860.00",-7.12%,57.20,57.60,58.00,55.00,-39.49,-41.79%,5,690,0.01,23.15%,Put,05/21/21
"3,865.00",-7.00%,57.90,58.30,58.70,61.68,10.18,+19.77%,4,5,0.80,23.05%,Put,05/20/21
"3,870.00",-6.88%,58.60,59.00,59.40,68.43,-40.42,-37.13%,4,143,0.03,22.94%,Put,05/20/21
"3,875.00",-6.76%,59.30,59.70,60.10,64.12,-1.71,-2.60%,114,136,0.84,22.82%,Put,05/20/21
"3,880.00",-6.64%,60.00,60.45,60.90,61.11,-3.40,-5.27%,420,274,1.53,22.72%,Put,05/18/21
"3,885.00",-6.52%,60.80,61.20,61.60,0.00,0.00,unch,0,0,0.00,22.61%,Put,N/A
"3,890.00",-6.40%,61.50,61.90,62.30,68.72,-26.98,-28.19%,1,108,0.01,22.49%,Put,05/20/21
"3,895.00",-6.28%,62.30,62.70,63.10,75.22,-2.88,-3.69%,1,55,0.02,22.39%,Put,05/18/21
"3,900.00",-6.16%,63.10,63.50,63.90,61.41,-5.46,-8.17%,70,"10,411",0.01,22.29%,Put,05/21/21
"3,905.00",-6.04%,63.80,64.20,64.60,66.66,-2.35,-3.41%,4,129,0.03,22.16%,Put,05/20/21
"3,910.00",-5.92%,64.60,65.00,65.40,75.93,5.82,+8.30%,18,92,0.20,22.05%,Put,05/20/21
"3,915.00",-5.80%,65.40,65.80,66.20,69.16,-1.72,-2.43%,36,82,0.44,21.94%,Put,05/20/21
"3,920.00",-5.68%,66.30,66.65,67.00,74.82,-14.78,-16.50%,39,601,0.06,21.84%,Put,05/20/21
"3,925.00",-5.56%,67.10,67.50,67.90,67.77,1.41,+2.12%,35,388,0.09,21.73%,Put,05/18/21
"3,930.00",-5.43%,67.90,68.30,68.70,75.84,-23.20,-23.42%,7,137,0.05,21.61%,Put,05/20/21
"3,935.00",-5.31%,68.70,69.10,69.50,67.29,-5.81,-7.95%,1,77,0.01,21.49%,Put,05/21/21
"3,940.00",-5.19%,69.60,70.00,70.40,70.56,-43.46,-38.12%,4,44,0.09,21.39%,Put,05/20/21
"3,945.00",-5.07%,70.50,70.90,71.30,83.37,3.21,+4.00%,1,65,0.02,21.28%,Put,05/20/21
"3,950.00",-4.95%,71.30,71.70,72.10,69.80,-5.47,-7.27%,1,598,0.00,21.15%,Put,05/21/21
"3,955.00",-4.83%,72.20,72.60,73.00,69.10,-13.79,-16.64%,43,"2,851",0.02,21.04%,Put,05/21/21
"3,960.00",-4.71%,73.10,73.50,73.90,71.30,-3.58,-4.78%,7,152,0.05,20.92%,Put,05/21/21
"3,965.00",-4.59%,74.00,74.45,74.90,69.60,5.00,+7.74%,14,67,0.21,20.81%,Put,05/10/21
"3,970.00",-4.47%,75.00,75.40,75.80,73.75,-2.24,-2.95%,29,480,0.06,20.70%,Put,05/21/21
"3,975.00",-4.35%,75.90,76.30,76.70,76.36,0.27,+0.35%,12,120,0.10,20.58%,Put,05/20/21
"3,980.00",-4.23%,76.90,77.30,77.70,72.33,-9.85,-11.99%,40,690,0.06,20.47%,Put,05/21/21
"3,985.00",-4.11%,77.80,78.25,78.70,81.12,-40.58,-33.34%,4,109,0.04,20.35%,Put,05/20/21
"3,990.00",-3.99%,78.80,79.20,79.60,76.60,-5.05,-6.18%,13,181,0.07,20.23%,Put,05/21/21
"3,995.00",-3.87%,79.80,80.25,80.70,77.30,-5.82,-7.00%,13,100,0.13,20.12%,Put,05/21/21
"4,000.00",-3.75%,80.80,81.25,81.70,78.19,-4.94,-5.94%,124,"6,534",0.02,20.00%,Put,05/21/21
"4,005.00",-3.63%,81.80,82.25,82.70,84.77,-25.62,-23.21%,5,58,0.09,19.88%,Put,05/20/21
"4,010.00",-3.51%,82.90,83.30,83.70,80.30,-5.80,-6.74%,12,172,0.07,19.76%,Put,05/21/21
"4,015.00",-3.39%,83.90,84.35,84.80,84.53,-47.47,-35.96%,224,35,6.40,19.64%,Put,05/20/21
"4,020.00",-3.27%,85.00,85.45,85.90,86.08,-2.22,-2.51%,1,395,0.00,19.53%,Put,05/21/21
"4,025.00",-3.15%,86.10,86.55,87.00,90.18,-32.37,-26.41%,2,804,0.00,19.41%,Put,05/20/21
"4,030.00",-3.03%,87.20,87.65,88.10,82.17,-6.38,-7.20%,1,669,0.00,19.29%,Put,05/21/21
"4,035.00",-2.91%,88.30,88.80,89.30,100.90,-17.30,-14.64%,10,20,0.50,19.17%,Put,05/20/21
"4,040.00",-2.79%,89.50,89.95,90.40,88.78,-14.29,-13.86%,82,16,5.13,19.05%,Put,05/21/21
"4,045.00",-2.67%,90.70,91.15,91.60,87.55,-18.45,-17.41%,2,87,0.02,18.93%,Put,05/21/21
"4,050.00",-2.55%,91.90,92.35,92.80,88.35,-7.95,-8.26%,1,729,0.00,18.82%,Put,05/21/21
"4,055.00",-2.43%,93.10,93.55,94.00,104.59,-18.02,-14.70%,2,4,0.50,18.69%,Put,05/14/21
"4,060.00",-2.31%,94.30,94.75,95.20,93.91,-8.32,-8.14%,82,82,1.00,18.57%,Put,05/21/21
"4,065.00",-2.19%,95.60,96.05,96.50,97.54,-28.76,-22.77%,2,14,0.14,18.46%,Put,05/14/21
"4,070.00",-2.07%,96.80,97.30,97.80,132.81,32.21,+32.02%,206,272,0.76,18.33%,Put,05/19/21
"4,075.00",-1.95%,98.10,98.60,99.10,100.04,-28.20,-21.99%,26,354,0.07,18.21%,Put,05/20/21
"4,080.00",-1.83%,99.50,99.95,100.40,115.54,-17.82,-13.36%,2,69,0.03,18.10%,Put,05/20/21
"4,085.00",-1.71%,100.80,101.30,101.80,104.41,-2.81,-2.62%,3,3,1.00,17.98%,Put,05/20/21
"4,090.00",-1.58%,102.20,102.70,103.20,101.26,-1.67,-1.62%,13,93,0.14,17.86%,Put,05/21/21
"4,095.00",-1.46%,103.60,104.10,104.60,99.86,-8.62,-7.95%,2,12,0.17,17.74%,Put,05/21/21
"4,100.00",-1.34%,105.00,105.50,106.00,107.67,-2.29,-2.08%,2,"1,620",0.00,17.62%,Put,05/21/21
"4,105.00",-1.22%,106.50,107.10,107.70,110.09,-1.24,-1.11%,2,50,0.04,17.52%,Put,05/20/21
"4,110.00",-1.10%,108.00,108.55,109.10,108.43,-4.51,-3.99%,26,645,0.04,17.38%,Put,05/21/21
"4,115.00",-0.98%,109.50,110.10,110.70,114.40,0.39,+0.34%,2,458,0.00,17.28%,Put,05/20/21
"4,120.00",-0.86%,111.00,111.60,112.20,114.28,-33.71,-22.78%,2,89,0.02,17.15%,Put,05/20/21
"4,125.00",-0.74%,112.60,113.20,113.80,116.41,-41.45,-26.26%,5,197,0.03,17.04%,Put,05/20/21
"4,130.00",-0.62%,114.20,114.75,115.30,113.29,-1.53,-1.33%,8,352,0.02,16.91%,Put,05/21/21
"4,135.00",-0.50%,115.80,116.45,117.10,112.22,-7.09,-5.94%,1,4,0.25,16.80%,Put,05/21/21
"4,140.00",-0.38%,117.50,118.05,118.60,113.78,-8.20,-6.72%,1,95,0.01,16.68%,Put,05/21/21
"4,145.00",-0.26%,119.20,119.75,120.30,116.06,-6.91,-5.62%,2,131,0.02,16.56%,Put,05/21/21
"4,150.00",-0.14%,120.90,121.55,122.20,118.50,-1.78,-1.48%,710,866,0.82,16.45%,Put,05/21/21
"4,155.00",-0.02%,122.70,123.25,123.80,127.14,-4.46,-3.39%,5,21,0.24,16.32%,Put,05/20/21
"4,160.00",+0.10%,124.50,125.15,125.80,123.67,-3.73,-2.93%,8,324,0.02,16.22%,Put,05/21/21
"4,165.00",+0.22%,126.30,126.95,127.60,124.40,-5.96,-4.57%,2,48,0.04,16.10%,Put,05/21/21
"4,170.00",+0.34%,128.20,128.85,129.50,127.78,-3.47,-2.64%,19,193,0.10,15.98%,Put,05/21/21
"4,175.00",+0.46%,130.10,130.75,131.40,131.86,-4.97,-3.63%,207,304,0.68,15.86%,Put,05/21/21
"4,180.00",+0.58%,132.10,132.75,133.40,128.49,-3.54,-2.68%,4,418,0.01,15.75%,Put,05/21/21
"4,185.00",+0.70%,134.10,134.75,135.40,133.79,-5.16,-3.71%,4,13,0.31,15.64%,Put,05/20/21
"4,190.00",+0.82%,136.10,136.75,137.40,139.87,-41.20,-22.75%,3,202,0.01,15.52%,Put,05/20/21
"4,195.00",+0.94%,138.10,138.80,139.50,137.82,-7.01,-4.84%,1,29,0.03,15.40%,Put,05/21/21
"4,200.00",+1.06%,140.30,140.95,141.60,139.54,-7.49,-5.09%,7,568,0.01,15.29%,Put,05/21/21
"4,205.00",+1.18%,142.40,143.10,143.80,146.68,-50.07,-25.45%,4,23,0.17,15.18%,Put,05/20/21
"4,210.00",+1.30%,144.60,145.30,146.00,140.72,-50.58,-26.44%,4,278,0.01,15.06%,Put,05/21/21
"4,215.00",+1.42%,146.90,147.55,148.20,169.00,35.13,+26.24%,9,16,0.56,14.95%,Put,05/11/21
"4,220.00",+1.54%,149.20,149.85,150.50,148.44,-10.55,-6.64%,5,80,0.06,14.84%,Put,05/21/21
"4,225.00",+1.66%,151.50,152.20,152.90,151.68,-54.89,-26.57%,3,60,0.05,14.73%,Put,05/20/21
"4,230.00",+1.78%,153.90,154.60,155.30,159.45,-15.20,-8.70%,4,174,0.02,14.62%,Put,05/20/21
"4,235.00",+1.90%,156.30,157.00,157.70,197.14,55.04,+38.73%,1,21,0.05,14.50%,Put,05/11/21
"4,240.00",+2.02%,158.80,159.50,160.20,182.50,8.25,+4.73%,2,11,0.18,14.40%,Put,05/11/21
"4,245.00",+2.14%,161.30,162.00,162.70,168.17,168.17,unch,1,7,0.14,14.28%,Put,05/20/21
"4,250.00",+2.27%,163.90,164.60,165.30,183.66,-31.34,-14.58%,10,295,0.03,14.18%,Put,05/20/21
"4,255.00",+2.39%,166.60,167.25,167.90,136.60,136.60,unch,7,7,1.00,14.07%,Put,05/10/21
"4,260.00",+2.51%,169.20,169.90,170.60,174.50,1.57,+0.91%,5,6,0.83,13.96%,Put,05/17/21
"4,265.00",+2.63%,172.00,172.70,173.40,180.51,180.51,unch,10,10,1.00,13.87%,Put,04/30/21
"4,270.00",+2.75%,174.80,175.45,176.10,177.89,-5.17,-2.82%,136,107,1.27,13.75%,Put,05/14/21
"4,275.00",+2.87%,177.60,178.30,179.00,254.74,70.70,+38.42%,1,44,0.02,13.65%,Put,05/12/21
"4,280.00",+2.99%,180.50,181.20,181.90,0.00,0.00,unch,0,0,0.00,13.55%,Put,N/A
"4,285.00",+3.11%,183.40,184.10,184.80,188.64,188.64,unch,4,24,0.17,13.44%,Put,05/18/21
"4,290.00",+3.23%,186.40,187.10,187.80,190.14,10.39,+5.78%,2,12,0.17,13.34%,Put,05/18/21
"4,295.00",+3.35%,189.50,190.15,190.80,201.57,201.57,unch,8,4,2.00,13.23%,Put,05/17/21
"4,300.00",+3.47%,192.60,193.25,193.90,194.86,17.20,+9.68%,4,49,0.08,13.13%,Put,05/14/21
"4,305.00",+3.59%,195.70,196.40,197.10,0.00,0.00,unch,0,0,0.00,13.03%,Put,N/A
"4,310.00",+3.71%,198.90,199.60,200.30,0.00,0.00,unch,0,0,0.00,12.93%,Put,N/A
"4,315.00",+3.83%,202.20,202.85,203.50,0.00,0.00,unch,0,0,0.00,12.83%,Put,N/A
"4,320.00",+3.95%,205.50,206.20,206.90,292.06,61.96,+26.93%,4,3,1.33,12.74%,Put,05/12/21
"4,325.00",+4.07%,208.90,209.55,210.20,245.00,-51.28,-17.31%,2,1,2.00,12.63%,Put,04/14/21
"4,330.00",+4.19%,212.30,212.95,213.60,185.50,-24.52,-11.68%,6,8,0.75,12.53%,Put,05/07/21
"4,335.00",+4.31%,215.70,216.40,217.10,0.00,0.00,unch,0,0,0.00,12.43%,Put,N/A
"4,340.00",+4.43%,219.30,219.95,220.60,0.00,0.00,unch,0,0,0.00,12.34%,Put,N/A
"4,345.00",+4.55%,222.80,223.50,224.20,208.00,208.00,unch,6,6,1.00,12.24%,Put,05/03/21
"4,350.00",+4.67%,226.40,227.10,227.80,224.99,-4.77,-2.08%,2,5,0.40,12.14%,Put,05/21/21
"4,355.00",+4.79%,230.10,230.75,231.40,0.00,0.00,unch,0,2,0.00,12.04%,Put,N/A
"4,360.00",+4.91%,233.80,234.45,235.10,0.00,0.00,unch,0,4,0.00,11.93%,Put,N/A
"4,365.00",+5.03%,237.60,238.25,238.90,0.00,0.00,unch,0,0,0.00,11.84%,Put,N/A
"4,370.00",+5.15%,241.40,242.05,242.70,0.00,0.00,unch,0,0,0.00,11.74%,Put,N/A
"4,375.00",+5.27%,245.20,245.85,246.50,244.32,-25.81,-9.55%,48,29,1.66,11.63%,Put,05/21/21
"4,380.00",+5.39%,249.10,249.75,250.40,0.00,0.00,unch,0,0,0.00,11.53%,Put,N/A
"4,385.00",+5.51%,253.10,253.75,254.40,0.00,0.00,unch,0,0,0.00,11.44%,Put,N/A
"4,390.00",+5.63%,257.10,257.70,258.30,0.00,0.00,unch,0,0,0.00,11.33%,Put,N/A
"4,395.00",+5.75%,261.10,261.75,262.40,0.00,0.00,unch,0,0,0.00,11.23%,Put,N/A
"4,400.00",+5.87%,265.10,265.75,266.40,219.63,-5.10,-2.27%,1,21,0.05,11.10%,Put,05/10/21
"4,405.00",+5.99%,269.30,269.90,270.50,0.00,0.00,unch,0,0,0.00,11.00%,Put,N/A
"4,410.00",+6.12%,273.40,274.05,274.70,292.60,292.60,unch,1,1,1.00,10.89%,Put,05/11/21
"4,415.00",+6.24%,277.60,278.20,278.80,0.00,0.00,unch,0,0,0.00,10.77%,Put,N/A
"4,420.00",+6.36%,281.80,282.45,283.10,0.00,0.00,unch,0,0,0.00,10.65%,Put,N/A
"4,425.00",+6.48%,286.00,286.65,287.30,290.40,-18.80,-6.08%,2,214,0.01,10.51%,Put,05/18/21
"4,430.00",+6.60%,290.40,291.00,291.60,0.00,0.00,unch,0,0,0.00,10.40%,Put,N/A
"4,435.00",+6.72%,294.70,295.30,295.90,0.00,0.00,unch,0,0,0.00,10.25%,Put,N/A
"4,440.00",+6.84%,299.00,299.60,300.20,0.00,0.00,unch,0,0,0.00,10.08%,Put,N/A
"4,445.00",+6.96%,303.40,304.00,304.60,307.60,307.60,unch,1,1,1.00,9.93%,Put,05/18/21
"4,450.00",+7.08%,307.80,308.40,309.00,311.05,-2.11,-0.67%,4,4,1.00,9.75%,Put,04/23/21
"4,455.00",+7.20%,312.30,312.85,313.40,0.00,0.00,unch,0,0,0.00,9.56%,Put,N/A
"4,460.00",+7.32%,316.70,317.30,317.90,0.00,0.00,unch,0,0,0.00,9.34%,Put,N/A
"4,465.00",+7.44%,321.20,321.80,322.40,0.00,0.00,unch,0,0,0.00,9.10%,Put,N/A
"4,470.00",+7.56%,323.90,326.15,328.40,0.00,0.00,unch,0,0,0.00,8.66%,Put,N/A
"4,475.00",+7.68%,328.40,330.65,332.90,0.00,0.00,unch,0,0,0.00,8.22%,Put,N/A
"4,480.00",+7.80%,333.00,335.25,337.50,0.00,0.00,unch,0,0,0.00,7.70%,Put,N/A
"4,485.00",+7.92%,337.50,339.80,342.10,0.00,0.00,unch,0,0,0.00,6.34%,Put,N/A
"4,490.00",+8.04%,342.10,344.40,346.70,0.00,0.00,unch,0,0,0.00,9.58%,Put,N/A
"4,495.00",+8.16%,346.70,349.00,351.30,0.00,0.00,unch,0,0,0.00,9.34%,Put,N/A
"4,500.00",+8.28%,351.40,353.65,355.90,353.19,-87.78,-19.91%,2,4,0.50,9.03%,Put,05/14/21
"4,510.00",+8.52%,360.70,363.00,365.30,0.00,0.00,unch,0,0,0.00,8.37%,Put,N/A
"4,520.00",+8.76%,370.40,372.50,374.60,0.00,0.00,unch,0,0,0.00,0.00%,Put,N/A
"4,525.00",+8.88%,375.10,377.25,379.40,373.64,-23.74,-5.97%,4,7,0.57,0.00%,Put,05/14/21
"4,530.00",+9.00%,380.10,382.10,384.10,383.20,383.20,unch,2,1,2.00,0.00%,Put,05/20/21
"4,540.00",+9.24%,388.90,391.25,393.60,0.00,0.00,unch,0,0,0.00,0.00%,Put,N/A
"4,550.00",+9.48%,398.50,400.80,403.10,390.60,-85.87,-18.02%,23,23,1.00,0.00%,Put,04/23/21
"4,560.00",+9.72%,408.00,410.35,412.70,0.00,0.00,unch,0,0,0.00,0.00%,Put,N/A
"4,570.00",+9.97%,417.60,419.95,422.30,0.00,0.00,unch,0,0,0.00,0.00%,Put,N/A
"4,575.00",+10.09%,423.10,425.15,427.20,0.00,0.00,unch,0,0,0.00,0.00%,Put,N/A
"4,580.00",+10.21%,427.30,429.65,432.00,0.00,0.00,unch,0,0,0.00,0.00%,Put,N/A
"4,590.00",+10.45%,437.40,440.75,444.10,0.00,0.00,unch,0,0,0.00,0.00%,Put,N/A
"4,600.00",+10.69%,446.60,450.30,454.00,433.79,-0.81,-0.19%,2,3,0.67,0.00%,Put,05/14/21
"4,650.00",+11.89%,495.50,499.20,502.90,459.73,-70.70,-13.33%,2,1,2.00,0.00%,Put,05/10/21
"4,700.00",+13.09%,543.80,547.45,551.10,634.85,68.76,+12.15%,1,1,1.00,0.00%,Put,05/12/21
"4,750.00",+14.30%,594.30,598.05,601.80,684.20,69.11,+11.24%,1,1,1.00,0.00%,Put,05/12/21
"4,800.00",+15.50%,644.00,647.70,651.40,0.00,0.00,unch,0,0,0.00,0.00%,Put,N/A
"4,900.00",+17.91%,742.70,746.40,750.10,743.65,743.65,unch,1,1,1.00,0.00%,Put,04/15/21
"5,000.00",+20.31%,842.40,846.05,849.70,842.65,842.65,unch,1,1,1.00,0.00%,Put,04/15/21
"5,100.00",+22.72%,942.10,945.85,949.60,0.00,0.00,unch,0,0,0.00,0.00%,Put,N/A
"5,200.00",+25.12%,"1,041.90","1,045.65","1,049.40",0.00,0.00,unch,0,0,0.00,0.00%,Put,N/A
"5,300.00",+27.53%,"1,141.90","1,145.60","1,149.30",0.00,0.00,unch,0,0,0.00,0.00%,Put,N/A
"5,400.00",+29.94%,"1,241.80","1,245.55","1,249.30",0.00,0.00,unch,0,0,0.00,0.00%,Put,N/A
"5,500.00",+32.34%,"1,341.70","1,345.45","1,349.20",0.00,0.00,unch,0,0,0.00,0.00%,Put,N/A
"5,600.00",+34.75%,"1,441.60","1,445.35","1,449.10",0.00,0.00,unch,0,0,0.00,0.00%,Put,N/A
"5,700.00",+37.16%,"1,541.50","1,545.25","1,549.00",0.00,0.00,unch,0,0,0.00,0.00%,Put,N/A
"5,800.00",+39.56%,"1,641.40","1,645.15","1,648.90",0.00,0.00,unch,0,0,0.00,0.00%,Put,N/A
"5,900.00",+41.97%,"1,741.30","1,745.05","1,748.80",0.00,0.00,unch,0,0,0.00,0.00%,Put,N/A
"6,000.00",+44.37%,"1,841.10","1,844.85","1,848.60",0.00,0.00,unch,0,0,0.00,0.00%,Put,N/A
"6,100.00",+46.78%,"1,941.00","1,944.75","1,948.50",0.00,0.00,unch,0,0,0.00,0.00%,Put,N/A
"6,200.00",+49.19%,"2,040.90","2,044.65","2,048.40",0.00,0.00,unch,0,0,0.00,0.00%,Put,N/A
"Downloaded from Barchart.com as of 05-22-2021 11:37pm CDT"
